"time","capacitor.C","capacitor.v","resistor.R","resistor.i"
"0.0","0.009016557075099976","10.0","300.2549127436929","0.033305033741567173"
"0.001","0.009016557075099976","9.996306918126402","300.2549127436929","0.03329273391992612"
"0.002","0.009016557075099976","9.992615200025583","300.2549127436929","0.033280438640334906"
"0.003","0.009016557075099976","9.988924844918408","300.2549127436929","0.03326814790019862"
"0.004","0.009016557075099976","9.985235852748891","300.2549127436929","0.03325586169933081"
"0.005","0.009016557075099976","9.981548221619196","300.2549127436929","0.033243580031410716"
"0.006","0.009016557075099976","9.977861951878113","300.2549127436929","0.033231302897599985"
"0.007","0.009016557075099976","9.974177043658537","300.2549127436929","0.03321903029834123"
"0.008","0.009016557075099976","9.97049349696047","300.2549127436929","0.03320676223363446"
"0.009","0.009016557075099976","9.966811306109078","300.2549127436929","0.033194498684579604"
"0.01","0.009016557075099976","9.963130472852358","300.2549127436929","0.03318223965699839"
"0.011","0.009016557075099976","9.95945099825695","300.2549127436929","0.033169985154443256"
"0.012","0.009016557075099976","9.955772882322858","300.2549127436929","0.03315773517691423"
"0.013","0.009016557075099976","9.95209612505008","300.2549127436929","0.03314548972441128"
"0.014","0.009016557075099976","9.948420726438616","300.2549127436929","0.03313324879693443"
"0.015","0.009016557075099976","9.944746686488466","300.2549127436929","0.03312101239448367"
"0.016","0.009016557075099976","9.941074005199631","300.2549127436929","0.033108780517059004"
"0.017","0.009016557075099976","9.937402667089742","300.2549127436929","0.03309655311309635"
"0.018","0.009016557075099976","9.93373267342443","300.2549127436929","0.033084330186810895"
"0.019","0.009016557075099976","9.930064032723307","300.2549127436929","0.033072111766577234"
"0.02","0.009016557075099976","9.926396744986373","300.2549127436929","0.033059897852395374"
"0.021","0.009016557075099976","9.922730810213633","300.2549127436929","0.033047688444265325"
"0.022","0.009016557075099976","9.91906622840508","300.2549127436929","0.033035483542187064"
"0.023","0.009016557075099976","9.915402999560719","300.2549127436929","0.03302328314616061"
"0.024","0.009016557075099976","9.911741123680548","300.2549127436929","0.033011087256185956"
"0.025","0.009016557075099976","9.908080600764569","300.2549127436929","0.032998895872263116"
"0.026","0.009016557075099976","9.904421430812775","300.2549127436929","0.03298670899439205"
"0.027","0.009016557075099976","9.900763613825177","300.2549127436929","0.03297452662257281"
"0.028","0.009016557075099976","9.897107149801768","300.2549127436929","0.03296234875680536"
"0.029","0.009016557075099976","9.893452038742549","300.2549127436929","0.032950175397089713"
"0.03","0.009016557075099976","9.88979828064752","300.2549127436929","0.03293800654342587"
"0.031","0.009016557075099976","9.886145875516682","300.2549127436929","0.03292584219581383"
"0.032","0.009016557075099976","9.882494823350035","300.2549127436929","0.032913682354253584"
"0.033","0.009016557075099976","9.878845102269253","300.2549127436929","0.03290152694587931"
"0.034","0.009016557075099976","9.875196655165231","300.2549127436929","0.032889375780488936"
"0.035","0.009016557075099976","9.87154954972392","300.2549127436929","0.03287722908351074"
"0.036","0.009016557075099976","9.86790378594531","300.2549127436929","0.03286508685494471"
"0.037","0.009016557075099976","9.864259363829406","300.2549127436929","0.032852949094790834"
"0.038","0.009016557075099976","9.86061628337621","300.2549127436929","0.032840815803049137"
"0.039","0.009016557075099976","9.856974544585718","300.2549127436929","0.03282868697971961"
"0.04","0.009016557075099976","9.85333414745793","300.2549127436929","0.03281656262480224"
"0.041","0.009016557075099976","9.84969509199285","300.2549127436929","0.032804442738297045"
"0.042","0.009016557075099976","9.846057378190475","300.2549127436929","0.03279232732020402"
"0.043","0.009016557075099976","9.842421006050804","300.2549127436929","0.032780216370523155"
"0.044","0.009016557075099976","9.83878597557384","300.2549127436929","0.032768109889254465"
"0.045","0.009016557075099976","9.83515228675958","300.2549127436929","0.03275600787639794"
"0.046","0.009016557075099976","9.831519939608027","300.2549127436929","0.032743910331953584"
"0.047","0.009016557075099976","9.82788893411918","300.2549127436929","0.03273181725592139"
"0.048","0.009016557075099976","9.824259270293037","300.2549127436929","0.032719728648301374"
"0.049","0.009016557075099976","9.8206309481296","300.2549127436929","0.03270764450909351"
"0.05","0.009016557075099976","9.81700396762887","300.2549127436929","0.03269556483829783"
"0.051","0.009016557075099976","9.813378328790844","300.2549127436929","0.03268348963591432"
"0.052","0.009016557075099976","9.80975403161552","300.2549127436929","0.03267141890194295"
"0.053","0.009016557075099976","9.806131076102908","300.2549127436929","0.032659352636383775"
"0.054","0.009016557075099976","9.802509462252997","300.2549127436929","0.03264729083923676"
"0.055","0.009016557075099976","9.798889190065793","300.2549127436929","0.03263523351050191"
"0.056","0.009016557075099976","9.795270259541295","300.2549127436929","0.03262318065017923"
"0.057","0.009016557075099976","9.791652670679504","300.2549127436929","0.03261113225826872"
"0.058","0.009016557075099976","9.788036423480415","300.2549127436929","0.03259908833477037"
"0.059","0.009016557075099976","9.784421517944034","300.2549127436929","0.0325870488796842"
"0.06","0.009016557075099976","9.780807954070356","300.2549127436929","0.03257501389301018"
"0.061","0.009016557075099976","9.777195731859385","300.2549127436929","0.03256298337474834"
"0.062","0.009016557075099976","9.77358485131112","300.2549127436929","0.03255095732489867"
"0.063","0.009016557075099976","9.769975312425561","300.2549127436929","0.032538935743461166"
"0.064","0.009016557075099976","9.766367115202707","300.2549127436929","0.032526918630435823"
"0.065","0.009016557075099976","9.762760259642558","300.2549127436929","0.03251490598582265"
"0.066","0.009016557075099976","9.759154573922107","300.2549127436929","0.03250289723736454"
"0.067","0.009016557075099976","9.755550015886449","300.2549127436929","0.032490892244664435"
"0.068","0.009016557075099976","9.751946777275847","300.2549127436929","0.032478891646313936"
"0.069","0.009016557075099976","9.74834485809031","300.2549127436929","0.032466895442313064"
"0.07","0.009016557075099976","9.74474425832983","300.2549127436929","0.0324549036326618"
"0.071","0.009016557075099976","9.741144977994407","300.2549127436929","0.03244291621736014"
"0.072","0.009016557075099976","9.737547017084045","300.2549127436929","0.03243093319640809"
"0.073","0.009016557075099976","9.733950375598745","300.2549127436929","0.03241895456980567"
"0.074","0.009016557075099976","9.730355053538505","300.2549127436929","0.032406980337552856"
"0.075","0.009016557075099976","9.726761050903319","300.2549127436929","0.03239501049964964"
"0.076","0.009016557075099976","9.723168367693198","300.2549127436929","0.03238304505609606"
"0.077","0.009016557075099976","9.719577003908134","300.2549127436929","0.03237108400689208"
"0.078","0.009016557075099976","9.715986959548127","300.2549127436929","0.032359127352037706"
"0.079","0.009016557075099976","9.712398234613183","300.2549127436929","0.032347175091532954"
"0.08","0.009016557075099976","9.7088108291033","300.2549127436929","0.032335227225377815"
"0.081","0.009016557075099976","9.705224743018471","300.2549127436929","0.03232328375357228"
"0.082","0.009016557075099976","9.701639976358706","300.2549127436929","0.03231134467611637"
"0.083","0.009016557075099976","9.698056529123999","300.2549127436929","0.032299409993010064"
"0.084","0.009016557075099976","9.694474401314352","300.2549127436929","0.03228747970425337"
"0.085","0.009016557075099976","9.690893592929765","300.2549127436929","0.0322755538098463"
"0.086","0.009016557075099976","9.687314103970236","300.2549127436929","0.03226363230978883"
"0.087","0.009016557075099976","9.683735934435768","300.2549127436929","0.03225171520408098"
"0.088","0.009016557075099976","9.680159084326357","300.2549127436929","0.032239802492722736"
"0.089","0.009016557075099976","9.676583553642006","300.2549127436929","0.0322278941757141"
"0.09","0.009016557075099976","9.673009342382718","300.2549127436929","0.03221599025305509"
"0.091","0.009016557075099976","9.669436450548485","300.2549127436929","0.032204090724745685"
"0.092","0.009016557075099976","9.665864878139315","300.2549127436929","0.0321921955907859"
"0.093","0.009016557075099976","9.662294625155203","300.2549127436929","0.03218030485117572"
"0.094","0.009016557075099976","9.658725691596151","300.2549127436929","0.032168418505915154"
"0.095","0.009016557075099976","9.655158077462156","300.2549127436929","0.032156536555004195"
"0.096","0.009016557075099976","9.651591782753222","300.2549127436929","0.032144658998442856"
"0.097","0.009016557075099976","9.64802680746935","300.2549127436929","0.03213278583623113"
"0.098","0.009016557075099976","9.644463151610534","300.2549127436929","0.03212091706836901"
"0.099","0.009016557075099976","9.64090081517678","300.2549127436929","0.03210905269485651"
"0.1","0.009016557075099976","9.637339798168084","300.2549127436929","0.03209719271569362"
"0.101","0.009016557075099976","9.633780100584445","300.2549127436929","0.03208533713088034"
"0.102","0.009016557075099976","9.630221722425869","300.2549127436929","0.032073485940416674"
"0.103","0.009016557075099976","9.626664663692353","300.2549127436929","0.03206163914430262"
"0.104","0.009016557075099976","9.623108924383896","300.2549127436929","0.03204979674253819"
"0.105","0.009016557075099976","9.619554504500497","300.2549127436929","0.032037958735123356"
"0.106","0.009016557075099976","9.616001404042159","300.2549127436929","0.032026125122058144"
"0.107","0.009016557075099976","9.61244962300888","300.2549127436929","0.032014295903342545"
"0.108","0.009016557075099976","9.60889916140066","300.2549127436929","0.03200247107897655"
"0.109","0.009016557075099976","9.6053500192175","300.2549127436929","0.03199065064896017"
"0.11","0.009016557075099976","9.6018021964594","300.2549127436929","0.031978834613293414"
"0.111","0.009016557075099976","9.598255693126356","300.2549127436929","0.031967022971976254"
"0.112","0.009016557075099976","9.594710509218375","300.2549127436929","0.031955215725008715"
"0.113","0.009016557075099976","9.591166644735454","300.2549127436929","0.03194341287239079"
"0.114","0.009016557075099976","9.587624099677592","300.2549127436929","0.03193161441412248"
"0.115","0.009016557075099976","9.584082874044787","300.2549127436929","0.03191982035020378"
"0.116","0.009016557075099976","9.580542967837044","300.2549127436929","0.031908030680634684"
"0.117","0.009016557075099976","9.57700438105436","300.2549127436929","0.03189624540541521"
"0.118","0.009016557075099976","9.573467113696735","300.2549127436929","0.031884464524545346"
"0.119","0.009016557075099976","9.569931165764169","300.2549127436929","0.03187268803802509"
"0.12","0.009016557075099976","9.566396537256663","300.2549127436929","0.031860915945854454"
"0.121","0.009016557075099976","9.562863228174217","300.2549127436929","0.03184914824803343"
"0.122","0.009016557075099976","9.55933123851683","300.2549127436929","0.031837384944562015"
"0.123","0.009016557075099976","9.555800568284502","300.2549127436929","0.03182562603544021"
"0.124","0.009016557075099976","9.552271217477234","300.2549127436929","0.03181387152066802"
"0.125","0.009016557075099976","9.548743186095026","300.2549127436929","0.03180212140024545"
"0.126","0.009016557075099976","9.545216474137877","300.2549127436929","0.031790375674172484"
"0.127","0.009016557075099976","9.541691081605789","300.2549127436929","0.03177863434244914"
"0.128","0.009016557075099976","9.538167008498757","300.2549127436929","0.03176689740507539"
"0.129","0.009016557075099976","9.534644254816786","300.2549127436929","0.031755164862051266"
"0.13","0.009016557075099976","9.531122820559876","300.2549127436929","0.03174343671337676"
"0.131","0.009016557075099976","9.527602705728025","300.2549127436929","0.03173171295905186"
"0.132","0.009016557075099976","9.524083249067559","300.2549127436929","0.031719991396768975"
"0.133","0.009016557075099976","9.52056504063685","300.2549127436929","0.031708273991719514"
"0.134","0.009016557075099976","9.517048130212682","300.2549127436929","0.031696560909685215"
"0.135","0.009016557075099976","9.513532517795058","300.2549127436929","0.03168485215066609"
"0.136","0.009016557075099976","9.51001820338398","300.2549127436929","0.031673147714662155"
"0.137","0.009016557075099976","9.506505186979446","300.2549127436929","0.03166144760167338"
"0.138","0.009016557075099976","9.502993468581455","300.2549127436929","0.03164975181169978"
"0.139","0.009016557075099976","9.499483048190005","300.2549127436929","0.03163806034474135"
"0.14","0.009016557075099976","9.495973925805101","300.2549127436929","0.0316263732007981"
"0.141","0.009016557075099976","9.492466101426741","300.2549127436929","0.031614690379870025"
"0.142","0.009016557075099976","9.488959575054926","300.2549127436929","0.031603011881957126"
"0.143","0.009016557075099976","9.485454346689654","300.2549127436929","0.031591337707059394"
"0.144","0.009016557075099976","9.481950416330927","300.2549127436929","0.031579667855176845"
"0.145","0.009016557075099976","9.47844778397874","300.2549127436929","0.031568002326309456"
"0.146","0.009016557075099976","9.474946449633102","300.2549127436929","0.03155634112045726"
"0.147","0.009016557075099976","9.471446413294005","300.2549127436929","0.031544684237620225"
"0.148","0.009016557075099976","9.46794767496145","300.2549127436929","0.03153303167779836"
"0.149","0.009016557075099976","9.464450234635443","300.2549127436929","0.03152138344099168"
"0.15","0.009016557075099976","9.46095409231598","300.2549127436929","0.031509739527200174"
"0.151","0.009016557075099976","9.457459248003058","300.2549127436929","0.031498099936423836"
"0.152","0.009016557075099976","9.45396570169668","300.2549127436929","0.03148646466866267"
"0.153","0.009016557075099976","9.450473453396846","300.2549127436929","0.031474833723916684"
"0.154","0.009016557075099976","9.446982503103557","300.2549127436929","0.03146320710218587"
"0.155","0.009016557075099976","9.443492850816812","300.2549127436929","0.03145158480347023"
"0.156","0.009016557075099976","9.440004496536611","300.2549127436929","0.03143996682776977"
"0.157","0.009016557075099976","9.436517440262953","300.2549127436929","0.03142835317508448"
"0.158","0.009016557075099976","9.433031681995839","300.2549127436929","0.03141674384541436"
"0.159","0.009016557075099976","9.429547221735268","300.2549127436929","0.03140513883875941"
"0.16","0.009016557075099976","9.426064059481241","300.2549127436929","0.03139353815511964"
"0.161","0.009016557075099976","9.42258219523376","300.2549127436929","0.03138194179449505"
"0.162","0.009016557075099976","9.419101628992822","300.2549127436929","0.03137034975688563"
"0.163","0.009016557075099976","9.415622360758427","300.2549127436929","0.03135876204229138"
"0.164","0.009016557075099976","9.412144390530576","300.2549127436929","0.03134717865071231"
"0.165","0.009016557075099976","9.40866771830927","300.2549127436929","0.031335599582148405"
"0.166","0.009016557075099976","9.405192344094507","300.2549127436929","0.031324024836599684"
"0.167","0.009016557075099976","9.401718267886288","300.2549127436929","0.03131245441406613"
"0.168","0.009016557075099976","9.398245489684612","300.2549127436929","0.031300888314547755"
"0.169","0.009016557075099976","9.394774009489481","300.2549127436929","0.03128932653804455"
"0.17","0.009016557075099976","9.391303827300893","300.2549127436929","0.03127776908455652"
"0.171","0.009016557075099976","9.38783494311885","300.2549127436929","0.031266215954083666"
"0.172","0.009016557075099976","9.38436735694335","300.2549127436929","0.03125466714662599"
"0.173","0.009016557075099976","9.380901068774394","300.2549127436929","0.031243122662183476"
"0.174","0.009016557075099976","9.377436078611984","300.2549127436929","0.03123158250075615"
"0.175","0.009016557075099976","9.373972386456115","300.2549127436929","0.03122004666234399"
"0.176","0.009016557075099976","9.370509992306793","300.2549127436929","0.031208515146947013"
"0.177","0.009016557075099976","9.367048896164011","300.2549127436929","0.031196987954565197"
"0.178","0.009016557075099976","9.363589098027774","300.2549127436929","0.031185465085198556"
"0.179","0.009016557075099976","9.360130597898081","300.2549127436929","0.031173946538847093"
"0.18","0.009016557075099976","9.356673395774935","300.2549127436929","0.031162432315510812"
"0.181","0.009016557075099976","9.353217491658329","300.2549127436929","0.031150922415189696"
"0.182","0.009016557075099976","9.34976288554827","300.2549127436929","0.03113941683788376"
"0.183","0.009016557075099976","9.346309577444751","300.2549127436929","0.03112791558359299"
"0.184","0.009016557075099976","9.342857567347778","300.2549127436929","0.031116418652317398"
"0.185","0.009016557075099976","9.33940685525735","300.2549127436929","0.031104926044056982"
"0.186","0.009016557075099976","9.335957441173464","300.2549127436929","0.031093437758811737"
"0.187","0.009016557075099976","9.332509325096122","300.2549127436929","0.031081953796581668"
"0.188","0.009016557075099976","9.329062507025325","300.2549127436929","0.031070474157366773"
"0.189","0.009016557075099976","9.32561698696107","300.2549127436929","0.031058998841167043"
"0.19","0.009016557075099976","9.32217276490336","300.2549127436929","0.0310475278479825"
"0.191","0.009016557075099976","9.318729840852194","300.2549127436929","0.031036061177813126"
"0.192","0.009016557075099976","9.315288214807573","300.2549127436929","0.031024598830658928"
"0.193","0.009016557075099976","9.311847886769494","300.2549127436929","0.031013140806519898"
"0.194","0.009016557075099976","9.30840885673796","300.2549127436929","0.03100168710539605"
"0.195","0.009016557075099976","9.304971124712969","300.2549127436929","0.03099023772728737"
"0.196","0.009016557075099976","9.301534690694524","300.2549127436929","0.03097879267219387"
"0.197","0.009016557075099976","9.298099172965333","300.2549127436929","0.03096735066880483"
"0.198","0.009016557075099976","9.294664343146966","300.2549127436929","0.0309559109565051"
"0.199","0.009016557075099976","9.291230781870391","300.2549127436929","0.030944475469088094"
"0.2","0.009016557075099976","9.287798489135607","300.2549127436929","0.0309330442065538"
"0.201","0.009016557075099976","9.284367464942617","300.2549127436929","0.030921617168902238"
"0.202","0.009016557075099976","9.28093770929142","300.2549127436929","0.030910194356133392"
"0.203","0.009016557075099976","9.277509222182013","300.2549127436929","0.03089877576824726"
"0.204","0.009016557075099976","9.274082003614398","300.2549127436929","0.030887361405243844"
"0.205","0.009016557075099976","9.270656053588576","300.2549127436929","0.030875951267123152"
"0.206","0.009016557075099976","9.267231372104545","300.2549127436929","0.030864545353885175"
"0.207","0.009016557075099976","9.263807959162309","300.2549127436929","0.030853143665529922"
"0.208","0.009016557075099976","9.260385814761863","300.2549127436929","0.030841746202057388"
"0.209","0.009016557075099976","9.256964938903208","300.2549127436929","0.030830352963467565"
"0.21","0.009016557075099976","9.253545331586347","300.2549127436929","0.03081896394976047"
"0.211","0.009016557075099976","9.250126992811277","300.2549127436929","0.03080757916093609"
"0.212","0.009016557075099976","9.246709922578","300.2549127436929","0.03079619859699443"
"0.213","0.009016557075099976","9.243294120886516","300.2549127436929","0.03078482225793549"
"0.214","0.009016557075099976","9.239879587736823","300.2549127436929","0.03077345014375927"
"0.215","0.009016557075099976","9.236466323128921","300.2549127436929","0.03076208225446576"
"0.216","0.009016557075099976","9.233054327062813","300.2549127436929","0.03075071859005498"
"0.217","0.009016557075099976","9.229643599538496","300.2549127436929","0.030739359150526915"
"0.218","0.009016557075099976","9.226234140555972","300.2549127436929","0.030728003935881567"
"0.219","0.009016557075099976","9.22282595011524","300.2549127436929","0.03071665294611894"
"0.22","0.009016557075099976","9.219419028216299","300.2549127436929","0.03070530618123903"
"0.221","0.009016557075099976","9.216013374859152","300.2549127436929","0.030693963641241842"
"0.222","0.009016557075099976","9.212608990043796","300.2549127436929","0.03068262532612737"
"0.223","0.009016557075099976","9.209205873770232","300.2549127436929","0.03067129123589562"
"0.224","0.009016557075099976","9.20580402603846","300.2549127436929","0.03065996137054659"
"0.225","0.009016557075099976","9.20240344684848","300.2549127436929","0.03064863573008027"
"0.226","0.009016557075099976","9.199004136200292","300.2549127436929","0.030637314314496674"
"0.227","0.009016557075099976","9.195606094093899","300.2549127436929","0.030625997123795802"
"0.228","0.009016557075099976","9.192209320529294","300.2549127436929","0.03061468415797764"
"0.229","0.009016557075099976","9.188813815506483","300.2549127436929","0.030603375417042205"
"0.23","0.009016557075099976","9.185419579025467","300.2549127436929","0.030592070900989494"
"0.231","0.009016557075099976","9.182026611086238","300.2549127436929","0.030580770609819487"
"0.232","0.009016557075099976","9.178634911688805","300.2549127436929","0.03056947454353221"
"0.233","0.009016557075099976","9.175244480833161","300.2549127436929","0.030558182702127644"
"0.234","0.009016557075099976","9.171855318519311","300.2549127436929","0.0305468950856058"
"0.235","0.009016557075099976","9.168467424747252","300.2549127436929","0.030535611693966673"
"0.236","0.009016557075099976","9.165080799516987","300.2549127436929","0.030524332527210273"
"0.237","0.009016557075099976","9.161695442828513","300.2549127436929","0.030513057585336584"
"0.238","0.009016557075099976","9.158311354681832","300.2549127436929","0.03050178686834562"
"0.239","0.009016557075099976","9.154928535076943","300.2549127436929","0.03049052037623737"
"0.24","0.009016557075099976","9.151546984013846","300.2549127436929","0.030479258109011847"
"0.241","0.009016557075099976","9.14816670149254","300.2549127436929","0.030468000066669033"
"0.242","0.009016557075099976","9.144787687513027","300.2549127436929","0.03045674624920894"
"0.243","0.009016557075099976","9.141409942075306","300.2549127436929","0.03044549665663157"
"0.244","0.009016557075099976","9.138033465179376","300.2549127436929","0.03043425128893691"
"0.245","0.009016557075099976","9.13465825682524","300.2549127436929","0.03042301014612498"
"0.246","0.009016557075099976","9.131284317012895","300.2549127436929","0.030411773228195764"
"0.247","0.009016557075099976","9.127911645742342","300.2549127436929","0.03040054053514927"
"0.248","0.009016557075099976","9.124540243013582","300.2549127436929","0.03038931206698549"
"0.249","0.009016557075099976","9.121170108826615","300.2549127436929","0.030378087823704433"
"0.25","0.009016557075099976","9.11780124318144","300.2549127436929","0.0303668678053061"
"0.251","0.009016557075099976","9.114433646078053","300.2549127436929","0.030355652011790468"
"0.252","0.009016557075099976","9.111067317516463","300.2549127436929","0.030344440443157573"
"0.253","0.009016557075099976","9.107702257496662","300.2549127436929","0.030333233099407386"
"0.254","0.009016557075099976","9.104338466018655","300.2549127436929","0.030322029980539924"
"0.255","0.009016557075099976","9.100975943082439","300.2549127436929","0.030310831086555176"
"0.256","0.009016557075099976","9.097614688688017","300.2549127436929","0.030299636417453157"
"0.257","0.009016557075099976","9.094254702835384","300.2549127436929","0.03028844597323384"
"0.258","0.009016557075099976","9.090895985524547","300.2549127436929","0.03027725975389726"
"0.259","0.009016557075099976","9.087538536755499","300.2549127436929","0.03026607775944339"
"0.26","0.009016557075099976","9.084182356528245","300.2549127436929","0.03025489998987224"
"0.261","0.009016557075099976","9.080827444842782","300.2549127436929","0.030243726445183812"
"0.262","0.009016557075099976","9.077473801699112","300.2549127436929","0.030232557125378097"
"0.263","0.009016557075099976","9.074120578947516","300.2549127436929","0.03022138920568961"
"0.264","0.009016557075099976","9.07076845553351","300.2549127436929","0.030210224947348676"
"0.265","0.009016557075099976","9.067417570848729","300.2549127436929","0.0301990648145996"
"0.266","0.009016557075099976","9.06406792489317","300.2549127436929","0.03018790880744238"
"0.267","0.009016557075099976","9.060719517666833","300.2549127436929","0.030176756925877013"
"0.268","0.009016557075099976","9.05737234916972","300.2549127436929","0.030165609169903507"
"0.269","0.009016557075099976","9.05402641940183","300.2549127436929","0.030154465539521856"
"0.27","0.009016557075099976","9.050681728363163","300.2549127436929","0.030143326034732066"
"0.271","0.009016557075099976","9.047338276053718","300.2549127436929","0.03013219065553413"
"0.272","0.009016557075099976","9.043996062473498","300.2549127436929","0.030121059401928052"
"0.273","0.009016557075099976","9.040655087622499","300.2549127436929","0.030109932273913828"
"0.274","0.009016557075099976","9.037315351500725","300.2549127436929","0.030098809271491465"
"0.275","0.009016557075099976","9.033976854108172","300.2549127436929","0.030087690394660953"
"0.276","0.009016557075099976","9.030639595444844","300.2549127436929","0.03007657564342231"
"0.277","0.009016557075099976","9.027303575510738","300.2549127436929","0.030065465017775513"
"0.278","0.009016557075099976","9.023968794305857","300.2549127436929","0.03005435851772058"
"0.279","0.009016557075099976","9.020635251830194","300.2549127436929","0.030043256143257493"
"0.28","0.009016557075099976","9.01730294808376","300.2549127436929","0.030032157894386277"
"0.281","0.009016557075099976","9.013971883066546","300.2549127436929","0.03002106377110691"
"0.282","0.009016557075099976","9.010642056778556","300.2549127436929","0.030009973773419404"
"0.283","0.009016557075099976","9.007313469219788","300.2549127436929","0.029998887901323754"
"0.284","0.009016557075099976","9.003986120390245","300.2549127436929","0.02998780615481996"
"0.285","0.009016557075099976","9.000660010289922","300.2549127436929","0.02997672853390802"
"0.286","0.009016557075099976","8.997335138918825","300.2549127436929","0.029965655038587943"
"0.287","0.009016557075099976","8.99401150627695","300.2549127436929","0.029954585668859723"
"0.288","0.009016557075099976","8.990689112364297","300.2549127436929","0.029943520424723355"
"0.289","0.009016557075099976","8.987367957180869","300.2549127436929","0.029932459306178848"
"0.29","0.009016557075099976","8.984048040726663","300.2549127436929","0.029921402313226198"
"0.291","0.009016557075099976","8.98072936300168","300.2549127436929","0.029910349445865406"
"0.292","0.009016557075099976","8.97741192400592","300.2549127436929","0.02989930070409647"
"0.293","0.009016557075099976","8.974095723739383","300.2549127436929","0.029888256087919386"
"0.294","0.009016557075099976","8.970780762202072","300.2549127436929","0.02987721559733417"
"0.295","0.009016557075099976","8.967467039393979","300.2549127436929","0.029866179232340796"
"0.296","0.009016557075099976","8.964154555315112","300.2549127436929","0.02985514699293929"
"0.297","0.009016557075099976","8.960843309965467","300.2549127436929","0.029844118879129636"
"0.298","0.009016557075099976","8.957533303345047","300.2549127436929","0.029833094890911845"
"0.299","0.009016557075099976","8.954224535453848","300.2549127436929","0.02982207502828591"
"0.3","0.009016557075099976","8.950917006291872","300.2549127436929","0.029811059291251826"
"0.301","0.009016557075099976","8.94761071585912","300.2549127436929","0.029800047679809604"
"0.302","0.009016557075099976","8.944305664155593","300.2549127436929","0.02978904019395924"
"0.303","0.009016557075099976","8.941001851181285","300.2549127436929","0.029778036833700727"
"0.304","0.009016557075099976","8.937699276936204","300.2549127436929","0.029767037599034082"
"0.305","0.009016557075099976","8.934397941420343","300.2549127436929","0.029756042489959285"
"0.306","0.009016557075099976","8.931097844633706","300.2549127436929","0.029745051506476345"
"0.307","0.009016557075099976","8.927798986576292","300.2549127436929","0.029734064648585263"
"0.308","0.009016557075099976","8.924501367248103","300.2549127436929","0.029723081916286045"
"0.309","0.009016557075099976","8.921204986649135","300.2549127436929","0.02971210330957868"
"0.31","0.009016557075099976","8.917909844779391","300.2549127436929","0.02970112882846317"
"0.311","0.009016557075099976","8.91461594163887","300.2549127436929","0.02969015847293952"
"0.312","0.009016557075099976","8.911323277227572","300.2549127436929","0.029679192243007725"
"0.313","0.009016557075099976","8.908031851545495","300.2549127436929","0.029668230138667782"
"0.314","0.009016557075099976","8.904741664592644","300.2549127436929","0.029657272159919704"
"0.315","0.009016557075099976","8.901452716369013","300.2549127436929","0.029646318306763477"
"0.316","0.009016557075099976","8.89816500687461","300.2549127436929","0.02963536857919912"
"0.317","0.009016557075099976","8.894878536109426","300.2549127436929","0.029624422977226606"
"0.318","0.009016557075099976","8.891593304073465","300.2549127436929","0.029613481500845952"
"0.319","0.009016557075099976","8.88830931076673","300.2549127436929","0.02960254415005716"
"0.32","0.009016557075099976","8.885026556189215","300.2549127436929","0.02959161092486022"
"0.321","0.009016557075099976","8.881745040340924","300.2549127436929","0.02958068182525514"
"0.322","0.009016557075099976","8.878464763221857","300.2549127436929","0.029569756851241916"
"0.323","0.009016557075099976","8.875185724832011","300.2549127436929","0.029558836002820547"
"0.324","0.009016557075099976","8.871907925171392","300.2549127436929","0.029547919279991043"
"0.325","0.009016557075099976","8.868631364239992","300.2549127436929","0.029537006682753386"
"0.326","0.009016557075099976","8.865356042037817","300.2549127436929","0.02952609821110759"
"0.327","0.009016557075099976","8.862081958564863","300.2549127436929","0.02951519386505365"
"0.328","0.009016557075099976","8.858808925056612","300.2549127436929","0.02950429301591069"
"0.329","0.009016557075099976","8.85553671319321","300.2549127436929","0.029493394903258675"
"0.33","0.009016557075099976","8.852265712798184","300.2549127436929","0.029482500825406172"
"0.331","0.009016557075099976","8.848995923463791","300.2549127436929","0.029471610780995194"
"0.332","0.009016557075099976","8.845727344782276","300.2549127436929","0.02946072476866771"
"0.333","0.009016557075099976","8.842459976345896","300.2549127436929","0.029449842787065736"
"0.334","0.009016557075099976","8.839193817746901","300.2549127436929","0.02943896483483125"
"0.335","0.009016557075099976","8.835928868577543","300.2549127436929","0.029428090910606254"
"0.336","0.009016557075099976","8.83266512843007","300.2549127436929","0.029417221013032728"
"0.337","0.009016557075099976","8.829402596896736","300.2549127436929","0.029406355140752665"
"0.338","0.009016557075099976","8.826141273569794","300.2549127436929","0.029395493292408068"
"0.339","0.009016557075099976","8.822881158041493","300.2549127436929","0.02938463546664092"
"0.34","0.009016557075099976","8.819622249904084","300.2549127436929","0.02937378166209321"
"0.341","0.009016557075099976","8.816364548749819","300.2549127436929","0.029362931877406937"
"0.342","0.009016557075099976","8.813108054170952","300.2549127436929","0.0293520861112241"
"0.343","0.009016557075099976","8.809852765759734","300.2549127436929","0.029341244362186686"
"0.344","0.009016557075099976","8.806598683108412","300.2549127436929","0.02933040662893667"
"0.345","0.009016557075099976","8.803345805809242","300.2549127436929","0.029319572910116068"
"0.346","0.009016557075099976","8.800094133454472","300.2549127436929","0.029308743204366855"
"0.347","0.009016557075099976","8.796843665636358","300.2549127436929","0.029297917510331038"
"0.348","0.009016557075099976","8.793594401947146","300.2549127436929","0.029287095826650594"
"0.349","0.009016557075099976","8.790346341979093","300.2549127436929","0.02927627815196753"
"0.35","0.009016557075099976","8.787099485324447","300.2549127436929","0.029265464484923825"
"0.351","0.009016557075099976","8.78385383157546","300.2549127436929","0.02925465482416148"
"0.352","0.009016557075099976","8.780609380324384","300.2549127436929","0.029243849168322483"
"0.353","0.009016557075099976","8.777366131163468","300.2549127436929","0.029233047516048823"
"0.354","0.009016557075099976","8.774124083684969","300.2549127436929","0.029222249865982507"
"0.355","0.009016557075099976","8.770883237481133","300.2549127436929","0.02921145621676551"
"0.356","0.009016557075099976","8.767643592144212","300.2549127436929","0.02920066656703982"
"0.357","0.009016557075099976","8.764405147266462","300.2549127436929","0.029189880915447455"
"0.358","0.009016557075099976","8.761167902440128","300.2549127436929","0.02917909926063038"
"0.359","0.009016557075099976","8.75793185725747","300.2549127436929","0.02916832160123061"
"0.36","0.009016557075099976","8.754697011310729","300.2549127436929","0.02915754793589011"
"0.361","0.009016557075099976","8.751463364192164","300.2549127436929","0.0291467782632509"
"0.362","0.009016557075099976","8.748230915494025","300.2549127436929","0.02913601258195496"
"0.363","0.009016557075099976","8.744999664808562","300.2549127436929","0.02912525089064428"
"0.364","0.009016557075099976","8.741769611728026","300.2549127436929","0.02911449318796085"
"0.365","0.009016557075099976","8.73854075584467","300.2549127436929","0.02910373947254667"
"0.366","0.009016557075099976","8.735313096750748","300.2549127436929","0.02909298974304373"
"0.367","0.009016557075099976","8.732086634038504","300.2549127436929","0.02908224399809401"
"0.368","0.009016557075099976","8.728861367300194","300.2549127436929","0.029071502236339516"
"0.369","0.009016557075099976","8.725637296128072","300.2549127436929","0.029060764456422243"
"0.37","0.009016557075099976","8.722414420114387","300.2549127436929","0.029050030656984173"
"0.371","0.009016557075099976","8.719192738851389","300.2549127436929","0.029039300836667302"
"0.372","0.009016557075099976","8.715972251931332","300.2549127436929","0.029028574994113623"
"0.373","0.009016557075099976","8.712752958946464","300.2549127436929","0.02901785312796512"
"0.374","0.009016557075099976","8.709534859489041","300.2549127436929","0.029007135236863806"
"0.375","0.009016557075099976","8.706317953151311","300.2549127436929","0.028996421319451647"
"0.376","0.009016557075099976","8.703102239525526","300.2549127436929","0.02898571137437065"
"0.377","0.009016557075099976","8.69988771820394","300.2549127436929","0.028975005400262807"
"0.378","0.009016557075099976","8.6966743887788","300.2549127436929","0.0289643033957701"
"0.379","0.009016557075099976","8.69346225084236","300.2549127436929","0.028953605359534534"
"0.38","0.009016557075099976","8.690251303986875","300.2549127436929","0.0289429112901981"
"0.381","0.009016557075099976","8.68704154780459","300.2549127436929","0.02893222118640278"
"0.382","0.009016557075099976","8.68383298188776","300.2549127436929","0.028921535046790573"
"0.383","0.009016557075099976","8.680625605828634","300.2549127436929","0.028910852870003466"
"0.384","0.009016557075099976","8.677419419219468","300.2549127436929","0.028900174654683464"
"0.385","0.009016557075099976","8.674214421652508","300.2549127436929","0.028889500399472537"
"0.386","0.009016557075099976","8.671010612720009","300.2549127436929","0.028878830103012697"
"0.387","0.009016557075099976","8.667807992014223","300.2549127436929","0.028868163763945933"
"0.388","0.009016557075099976","8.6646065591274","300.2549127436929","0.02885750138091423"
"0.389","0.009016557075099976","8.66140631365179","300.2549127436929","0.028846842952559584"
"0.39","0.009016557075099976","8.658207255179647","300.2549127436929","0.028836188477523988"
"0.391","0.009016557075099976","8.655009383303222","300.2549127436929","0.02882553795444943"
"0.392","0.009016557075099976","8.651812697614766","300.2549127436929","0.02881489138197791"
"0.393","0.009016557075099976","8.648617197706528","300.2549127436929","0.028804248758751407"
"0.394","0.009016557075099976","8.645422883170763","300.2549127436929","0.028793610083411924"
"0.395","0.009016557075099976","8.642229753599723","300.2549127436929","0.028782975354601455"
"0.396","0.009016557075099976","8.639037808585654","300.2549127436929","0.028772344570961974"
"0.397","0.009016557075099976","8.635847047720814","300.2549127436929","0.0287617177311355"
"0.398","0.009016557075099976","8.63265747059745","300.2549127436929","0.028751094833764004"
"0.399","0.009016557075099976","8.629469076807817","300.2549127436929","0.02874047587748949"
"0.4","0.009016557075099976","8.626281865944161","300.2549127436929","0.028729860860953936"
"0.401","0.009016557075099976","8.62309583759874","300.2549127436929","0.02871924978279935"
"0.402","0.009016557075099976","8.619910991363803","300.2549127436929","0.028708642641667722"
"0.403","0.009016557075099976","8.6167273268316","300.2549127436929","0.028698039436201035"
"0.404","0.009016557075099976","8.613544843594381","300.2549127436929","0.02868744016504128"
"0.405","0.009016557075099976","8.610363541244402","300.2549127436929","0.02867684482683046"
"0.406","0.009016557075099976","8.60718341937391","300.2549127436929","0.028666253420210563"
"0.407","0.009016557075099976","8.604004477575161","300.2549127436929","0.028655665943823582"
"0.408","0.009016557075099976","8.600826715440405","300.2549127436929","0.028645082396311507"
"0.409","0.009016557075099976","8.597650132561892","300.2549127436929","0.02863450277631633"
"0.41","0.009016557075099976","8.594474728531873","300.2549127436929","0.02862392708248004"
"0.411","0.009016557075099976","8.591300502942602","300.2549127436929","0.02861335531344464"
"0.412","0.009016557075099976","8.588127455386326","300.2549127436929","0.028602787467852102"
"0.413","0.009016557075099976","8.584955585455301","300.2549127436929","0.028592223544344438"
"0.414","0.009016557075099976","8.581784892741778","300.2549127436929","0.028581663541563638"
"0.415","0.009016557075099976","8.578615376838007","300.2549127436929","0.028571107458151685"
"0.416","0.009016557075099976","8.57544703733624","300.2549127436929","0.02856055529275057"
"0.417","0.009016557075099976","8.572279873828727","300.2549127436929","0.028550007044002294"
"0.418","0.009016557075099976","8.56911388590772","300.2549127436929","0.028539462710548844"
"0.419","0.009016557075099976","8.565949073165473","300.2549127436929","0.028528922291032217"
"0.42","0.009016557075099976","8.562785435194236","300.2549127436929","0.0285183857840944"
"0.421","0.009016557075099976","8.559622971586258","300.2549127436929","0.02850785318837738"
"0.422","0.009016557075099976","8.556461681933795","300.2549127436929","0.028497324502523166"
"0.423","0.009016557075099976","8.553301565829095","300.2549127436929","0.028486799725173737"
"0.424","0.009016557075099976","8.550142622864408","300.2549127436929","0.028476278854971077"
"0.425","0.009016557075099976","8.546984852631992","300.2549127436929","0.028465761890557204"
"0.426","0.009016557075099976","8.543828254724092","300.2549127436929","0.028455248830574088"
"0.427","0.009016557075099976","8.540672828732962","300.2549127436929","0.02844473967366373"
"0.428","0.009016557075099976","8.537518574250853","300.2549127436929","0.028434234418468117"
"0.429","0.009016557075099976","8.534365490870018","300.2549127436929","0.028423733063629244"
"0.43","0.009016557075099976","8.531213578182706","300.2549127436929","0.028413235607789106"
"0.431","0.009016557075099976","8.528062835781169","300.2549127436929","0.028402742049589688"
"0.432","0.009016557075099976","8.52491326325766","300.2549127436929","0.028392252387672994"
"0.433","0.009016557075099976","8.521764860204431","300.2549127436929","0.028381766620681006"
"0.434","0.009016557075099976","8.51861762621373","300.2549127436929","0.028371284747255716"
"0.435","0.009016557075099976","8.51547156087781","300.2549127436929","0.028360806766039116"
"0.436","0.009016557075099976","8.512326663788926","300.2549127436929","0.02835033267567321"
"0.437","0.009016557075099976","8.509182934539323","300.2549127436929","0.028339862474799974"
"0.438","0.009016557075099976","8.506040372721259","300.2549127436929","0.028329396162061416"
"0.439","0.009016557075099976","8.502898977926979","300.2549127436929","0.028318933736099505"
"0.44","0.009016557075099976","8.49975874974874","300.2549127436929","0.02830847519555626"
"0.441","0.009016557075099976","8.49661968777879","300.2549127436929","0.028298020539073654"
"0.442","0.009016557075099976","8.493481791609382","300.2549127436929","0.028287569765293688"
"0.443","0.009016557075099976","8.490345060832768","300.2549127436929","0.028277122872858353"
"0.444","0.009016557075099976","8.487209495041196","300.2549127436929","0.028266679860409632"
"0.445","0.009016557075099976","8.48407509382692","300.2549127436929","0.028256240726589527"
"0.446","0.009016557075099976","8.480941856782195","300.2549127436929","0.028245805470040037"
"0.447","0.009016557075099976","8.477809783499266","300.2549127436929","0.028235374089403135"
"0.448","0.009016557075099976","8.47467887357039","300.2549127436929","0.028224946583320833"
"0.449","0.009016557075099976","8.471549126587814","300.2549127436929","0.028214522950435108"
"0.45","0.009016557075099976","8.468420542143791","300.2549127436929","0.028204103189387954"
"0.451","0.009016557075099976","8.465293119830573","300.2549127436929","0.02819368729882137"
"0.452","0.009016557075099976","8.462166859240412","300.2549127436929","0.028183275277377344"
"0.453","0.009016557075099976","8.459041759965558","300.2549127436929","0.02817286712369787"
"0.454","0.009016557075099976","8.455917821598263","300.2549127436929","0.028162462836424935"
"0.455","0.009016557075099976","8.452795043730779","300.2549127436929","0.028152062414200537"
"0.456","0.009016557075099976","8.449673425955357","300.2549127436929","0.028141665855666666"
"0.457","0.009016557075099976","8.446552967864248","300.2549127436929","0.028131273159465314"
"0.458","0.009016557075099976","8.443433669049703","300.2549127436929","0.02812088432423847"
"0.459","0.009016557075099976","8.440315495148983","300.2549127436929","0.028110499235540914"
"0.46","0.009016557075099976","8.437198375130128","300.2549127436929","0.028100117656800466"
"0.461","0.009016557075099976","8.434082409668061","300.2549127436929","0.028089739923315298"
"0.462","0.009016557075099976","8.430967598323384","300.2549127436929","0.02807936603362199"
"0.463","0.009016557075099976","8.427853940656705","300.2549127436929","0.028068995986257145"
"0.464","0.009016557075099976","8.424741436228619","300.2549127436929","0.028058629779757326"
"0.465","0.009016557075099976","8.42163008459973","300.2549127436929","0.028048267412659124"
"0.466","0.009016557075099976","8.418519885330642","300.2549127436929","0.02803790888349913"
"0.467","0.009016557075099976","8.415410837981952","300.2549127436929","0.0280275541908139"
"0.468","0.009016557075099976","8.412302942114263","300.2549127436929","0.028017203333140034"
"0.469","0.009016557075099976","8.409196197288182","300.2549127436929","0.028006856309014127"
"0.47","0.009016557075099976","8.406090603064301","300.2549127436929","0.02799651311697273"
"0.471","0.009016557075099976","8.402986159003232","300.2549127436929","0.02798617375555246"
"0.472","0.009016557075099976","8.39988286466557","300.2549127436929","0.027975838223289872"
"0.473","0.009016557075099976","8.396780719611918","300.2549127436929","0.027965506518721563"
"0.474","0.009016557075099976","8.393679723402881","300.2549127436929","0.027955178640384118"
"0.475","0.009016557075099976","8.390579875599055","300.2549127436929","0.027944854586814106"
"0.476","0.009016557075099976","8.387481175761046","300.2549127436929","0.027934534356548114"
"0.477","0.009016557075099976","8.384383623449454","300.2549127436929","0.02792421794812273"
"0.478","0.009016557075099976","8.38128721822488","300.2549127436929","0.027913905360074532"
"0.479","0.009016557075099976","8.378191959647928","300.2549127436929","0.027903596590940105"
"0.48","0.009016557075099976","8.375097847279198","300.2549127436929","0.02789329163925603"
"0.481","0.009016557075099976","8.372004880679292","300.2549127436929","0.02788299050355889"
"0.482","0.009016557075099976","8.368913059408813","300.2549127436929","0.02787269318238527"
"0.483","0.009016557075099976","8.36582238302836","300.2549127436929","0.027862399674271746"
"0.484","0.009016557075099976","8.362732851098537","300.2549127436929","0.027852109977754905"
"0.485","0.009016557075099976","8.359644463179945","300.2549127436929","0.02784182409137133"
"0.486","0.009016557075099976","8.356557218833185","300.2549127436929","0.027831542013657597"
"0.487","0.009016557075099976","8.353471117618861","300.2549127436929","0.027821263743150304"
"0.488","0.009016557075099976","8.35038615909757","300.2549127436929","0.027810989278386006"
"0.489","0.009016557075099976","8.347302342829918","300.2549127436929","0.027800718617901315"
"0.49","0.009016557075099976","8.344219668376505","300.2549127436929","0.027790451760232798"
"0.491","0.009016557075099976","8.341138135297932","300.2549127436929","0.027780188703917033"
"0.492","0.009016557075099976","8.338057743154803","300.2549127436929","0.027769929447490616"
"0.493","0.009016557075099976","8.33497849150772","300.2549127436929","0.027759673989490127"
"0.494","0.009016557075099976","8.33190037991728","300.2549127436929","0.02774942232845214"
"0.495","0.009016557075099976","8.32882340794409","300.2549127436929","0.027739174462913244"
"0.496","0.009016557075099976","8.32574757514875","300.2549127436929","0.02772893039141002"
"0.497","0.009016557075099976","8.322672881091858","300.2549127436929","0.027718690112479044"
"0.498","0.009016557075099976","8.319599325334023","300.2549127436929","0.027708453624656914"
"0.499","0.009016557075099976","8.316526907435838","300.2549127436929","0.02769822092648019"
"0.5","0.009016557075099976","8.313455626957913","300.2549127436929","0.027687992016485478"
"0.501","0.009016557075099976","8.310385483460843","300.2549127436929","0.027677766893209343"
"0.502","0.009016557075099976","8.307316476505235","300.2549127436929","0.02766754555518838"
"0.503","0.009016557075099976","8.304248605651688","300.2549127436929","0.027657328000959165"
"0.504","0.009016557075099976","8.301181870460802","300.2549127436929","0.027647114229058273"
"0.505","0.009016557075099976","8.29811627049318","300.2549127436929","0.027636904238022293"
"0.506","0.009016557075099976","8.295051805309427","300.2549127436929","0.027626698026387817"
"0.507","0.009016557075099976","8.291988474470141","300.2549127436929","0.027616495592691418"
"0.508","0.009016557075099976","8.288926277535927","300.2549127436929","0.027606296935469683"
"0.509","0.009016557075099976","8.285865214067382","300.2549127436929","0.027596102053259186"
"0.51","0.009016557075099976","8.282805283625109","300.2549127436929","0.027585910944596514"
"0.511","0.009016557075099976","8.279746485769712","300.2549127436929","0.02757572360801825"
"0.512","0.009016557075099976","8.276688820061793","300.2549127436929","0.027565540042060983"
"0.513","0.009016557075099976","8.273632286061948","300.2549127436929","0.027555360245261274"
"0.514","0.009016557075099976","8.27057688333079","300.2549127436929","0.027545184216155746"
"0.515","0.009016557075099976","8.267522611428907","300.2549127436929","0.02753501195328093"
"0.516","0.009016557075099976","8.264469469916909","300.2549127436929","0.027524843455173444"
"0.517","0.009016557075099976","8.261417458355398","300.2549127436929","0.027514678720369865"
"0.518","0.009016557075099976","8.258366576304972","300.2549127436929","0.02750451774740677"
"0.519","0.009016557075099976","8.25531682332623","300.2549127436929","0.027494360534820725"
"0.52","0.009016557075099976","8.252268198979786","300.2549127436929","0.027484207081148355"
"0.521","0.009016557075099976","8.24922070282623","300.2549127436929","0.02747405738492621"
"0.522","0.009016557075099976","8.246174334426167","300.2549127436929","0.02746391144469087"
"0.523","0.009016557075099976","8.2431290933402","300.2549127436929","0.02745376925897894"
"0.524","0.009016557075099976","8.24008497912893","300.2549127436929","0.027443630826326986"
"0.525","0.009016557075099976","8.237041991352958","300.2549127436929","0.027433496145271595"
"0.526","0.009016557075099976","8.234000129572884","300.2549127436929","0.02742336521434934"
"0.527","0.009016557075099976","8.230959393349313","300.2549127436929","0.027413238032096814"
"0.528","0.009016557075099976","8.227919782242848","300.2549127436929","0.02740311459705061"
"0.529","0.009016557075099976","8.224881295814086","300.2549127436929","0.027392994907747287"
"0.53","0.009016557075099976","8.22184393362363","300.2549127436929","0.02738287896272344"
"0.531","0.009016557075099976","8.218807695232085","300.2549127436929","0.027372766760515654"
"0.532","0.009016557075099976","8.21577258020005","300.2549127436929","0.027362658299660506"
"0.533","0.009016557075099976","8.212738588088127","300.2549127436929","0.027352553578694584"
"0.534","0.009016557075099976","8.209705718456917","300.2549127436929","0.02734245259615446"
"0.535","0.009016557075099976","8.206673970867019","300.2549127436929","0.027332355350576716"
"0.536","0.009016557075099976","8.203643344879044","300.2549127436929","0.027322261840497956"
"0.537","0.009016557075099976","8.200613840053585","300.2549127436929","0.02731217206445474"
"0.538","0.009016557075099976","8.197585455951247","300.2549127436929","0.02730208602098366"
"0.539","0.009016557075099976","8.19455819213263","300.2549127436929","0.027292003708621296"
"0.54","0.009016557075099976","8.191532048158336","300.2549127436929","0.027281925125904227"
"0.541","0.009016557075099976","8.188507023588969","300.2549127436929","0.02727185027136904"
"0.542","0.009016557075099976","8.18548311798513","300.2549127436929","0.027261779143552326"
"0.543","0.009016557075099976","8.182460330907416","300.2549127436929","0.027251711740990642"
"0.544","0.009016557075099976","8.179438661916437","300.2549127436929","0.0272416480622206"
"0.545","0.009016557075099976","8.176418110572788","300.2549127436929","0.027231588105778765"
"0.546","0.009016557075099976","8.173398676437074","300.2549127436929","0.027221531870201723"
"0.547","0.009016557075099976","8.170380359069897","300.2549127436929","0.027211479354026066"
"0.548","0.009016557075099976","8.167363158031854","300.2549127436929","0.027201430555788355"
"0.549","0.009016557075099976","8.164347072883551","300.2549127436929","0.027191385474025186"
"0.55","0.009016557075099976","8.16133210318559","300.2549127436929","0.027181344107273145"
"0.551","0.009016557075099976","8.158318248498569","300.2549127436929","0.027171306454068806"
"0.552","0.009016557075099976","8.155305508383096","300.2549127436929","0.027161272512948767"
"0.553","0.009016557075099976","8.152293882399766","300.2549127436929","0.027151242282449587"
"0.554","0.009016557075099976","8.149283370109183","300.2549127436929","0.02714121576110786"
"0.555","0.009016557075099976","8.14627397107195","300.2549127436929","0.027131192947460175"
"0.556","0.009016557075099976","8.143265684848668","300.2549127436929","0.027121173840043103"
"0.557","0.009016557075099976","8.140258510999937","300.2549127436929","0.027111158437393226"
"0.558","0.009016557075099976","8.137252449086363","300.2549127436929","0.027101146738047144"
"0.559","0.009016557075099976","8.134247498668541","300.2549127436929","0.027091138740541417"
"0.56","0.009016557075099976","8.13124365930708","300.2549127436929","0.027081134443412643"
"0.561","0.009016557075099976","8.128240930562578","300.2549127436929","0.027071133845197402"
"0.562","0.009016557075099976","8.125239311995635","300.2549127436929","0.027061136944432268"
"0.563","0.009016557075099976","8.122238803166857","300.2549127436929","0.027051143739653834"
"0.564","0.009016557075099976","8.119239403636843","300.2549127436929","0.027041154229398682"
"0.565","0.009016557075099976","8.116241112966193","300.2549127436929","0.02703116841220338"
"0.566","0.009016557075099976","8.113243930715514","300.2549127436929","0.02702118628660453"
"0.567","0.009016557075099976","8.110247856445401","300.2549127436929","0.027011207851138693"
"0.568","0.009016557075099976","8.107252889716463","300.2549127436929","0.02700123310434248"
"0.569","0.009016557075099976","8.104259030089294","300.2549127436929","0.02699126204475244"
"0.57","0.009016557075099976","8.1012662771245","300.2549127436929","0.026981294670905178"
"0.571","0.009016557075099976","8.098274630382683","300.2549127436929","0.02697133098133727"
"0.572","0.009016557075099976","8.095284089424444","300.2549127436929","0.026961370974585303"
"0.573","0.009016557075099976","8.092294653810383","300.2549127436929","0.026951414649185844"
"0.574","0.009016557075099976","8.089306323101107","300.2549127436929","0.026941462003675507"
"0.575","0.009016557075099976","8.086319096857212","300.2549127436929","0.026931513036590846"
"0.576","0.009016557075099976","8.083332974639301","300.2549127436929","0.02692156774646845"
"0.577","0.009016557075099976","8.080347956007977","300.2549127436929","0.0269116261318449"
"0.578","0.009016557075099976","8.07736404052384","300.2549127436929","0.026901688191256785"
"0.579","0.009016557075099976","8.074381227747493","300.2549127436929","0.026891753923240683"
"0.58","0.009016557075099976","8.071399517239538","300.2549127436929","0.026881823326333182"
"0.581","0.009016557075099976","8.068418908560576","300.2549127436929","0.026871896399070856"
"0.582","0.009016557075099976","8.065439401271208","300.2549127436929","0.026861973139990294"
"0.583","0.009016557075099976","8.062460994932037","300.2549127436929","0.026852053547628076"
"0.584","0.009016557075099976","8.059483689103663","300.2549127436929","0.02684213762052078"
"0.585","0.009016557075099976","8.05650748334669","300.2549127436929","0.026832225357204996"
"0.586","0.009016557075099976","8.05353237722172","300.2549127436929","0.026822316756217306"
"0.587","0.009016557075099976","8.05055837028935","300.2549127436929","0.026812411816094284"
"0.588","0.009016557075099976","8.047585462110186","300.2549127436929","0.026802510535372522"
"0.589","0.009016557075099976","8.044613652244829","300.2549127436929","0.026792612912588595"
"0.59","0.009016557075099976","8.041642942168423","300.2549127436929","0.026782718952655486"
"0.591","0.009016557075099976","8.038673338575002","300.2549127436929","0.02677282867786769"
"0.592","0.009016557075099976","8.035704832226482","300.2549127436929","0.026762942057457738"
"0.593","0.009016557075099976","8.032737422685354","300.2549127436929","0.026753059089968508"
"0.594","0.009016557075099976","8.029771109514101","300.2549127436929","0.026743179773942843"
"0.595","0.009016557075099976","8.026805892275206","300.2549127436929","0.026733304107923597"
"0.596","0.009016557075099976","8.023841770531167","300.2549127436929","0.02672343209045366"
"0.597","0.009016557075099976","8.02087874384446","300.2549127436929","0.026713563720075866"
"0.598","0.009016557075099976","8.017916811777576","300.2549127436929","0.026703698995333088"
"0.599","0.009016557075099976","8.014955973893","300.2549127436929","0.02669383791476818"
"0.6","0.009016557075099976","8.011996229753219","300.2549127436929","0.026683980476923996"
"0.601","0.009016557075099976","8.009037578920726","300.2549127436929","0.026674126680343423"
"0.602","0.009016557075099976","8.006080020957997","300.2549127436929","0.026664276523569293"
"0.603","0.009016557075099976","8.003123555427527","300.2549127436929","0.026654430005144482"
"0.604","0.009016557075099976","8.000168181891798","300.2549127436929","0.026644587123611844"
"0.605","0.009016557075099976","7.997213899913298","300.2549127436929","0.026634747877514242"
"0.606","0.009016557075099976","7.994260709054517","300.2549127436929","0.02662491226539454"
"0.607","0.009016557075099976","7.991308608877935","300.2549127436929","0.026615080285795588"
"0.608","0.009016557075099976","7.9883575989460445","300.2549127436929","0.026605251937260255"
"0.609","0.009016557075099976","7.98540767882133","300.2549127436929","0.026595427218331403"
"0.61","0.009016557075099976","7.982458848066279","300.2549127436929","0.026585606127551887"
"0.611","0.009016557075099976","7.979511106243377","300.2549127436929","0.02657578866346457"
"0.612","0.009016557075099976","7.976564452915111","300.2549127436929","0.02656597482461231"
"0.613","0.009016557075099976","7.973618887643967","300.2549127436929","0.026556164609537965"
"0.614","0.009016557075099976","7.970674409992436","300.2549127436929","0.026546358016784413"
"0.615","0.009016557075099976","7.967731019522999","300.2549127436929","0.02653655504489449"
"0.616","0.009016557075099976","7.964788715798146","300.2549127436929","0.026526755692411072"
"0.617","0.009016557075099976","7.9618474983803615","300.2549127436929","0.026516959957877013"
"0.618","0.009016557075099976","7.9589073668321335","300.2549127436929","0.026507167839835175"
"0.619","0.009016557075099976","7.955968320715949","300.2549127436929","0.026497379336828424"
"0.62","0.009016557075099976","7.953030359594295","300.2549127436929","0.02648759444739961"
"0.621","0.009016557075099976","7.950093483029658","300.2549127436929","0.026477813170091607"
"0.622","0.009016557075099976","7.947157690584522","300.2549127436929","0.026468035503447257"
"0.623","0.009016557075099976","7.944222981821377","300.2549127436929","0.026458261446009435"
"0.624","0.009016557075099976","7.94128935630271","300.2549127436929","0.026448490996321003"
"0.625","0.009016557075099976","7.938356813591006","300.2549127436929","0.026438724152924812"
"0.626","0.009016557075099976","7.935425353248753","300.2549127436929","0.026428960914363735"
"0.627","0.009016557075099976","7.932494974838434","300.2549127436929","0.026419201279180612"
"0.628","0.009016557075099976","7.929565677922539","300.2549127436929","0.026409445245918314"
"0.629","0.009016557075099976","7.926637462063556","300.2549127436929","0.026399692813119713"
"0.63","0.009016557075099976","7.923710326823969","300.2549127436929","0.026389943979327653"
"0.631","0.009016557075099976","7.920784271766266","300.2549127436929","0.026380198743085007"
"0.632","0.009016557075099976","7.9178592964529315","300.2549127436929","0.026370457102934623"
"0.633","0.009016557075099976","7.914935400446455","300.2549127436929","0.02636071905741937"
"0.634","0.009016557075099976","7.912012583309323","300.2549127436929","0.026350984605082107"
"0.635","0.009016557075099976","7.909090844604019","300.2549127436929","0.026341253744465686"
"0.636","0.009016557075099976","7.906170183893036","300.2549127436929","0.026331526474112993"
"0.637","0.009016557075099976","7.903250600738854","300.2549127436929","0.026321802792566858"
"0.638","0.009016557075099976","7.900332094703961","300.2549127436929","0.02631208269837015"
"0.639","0.009016557075099976","7.897414665350849","300.2549127436929","0.026302366190065745"
"0.64","0.009016557075099976","7.894498312241999","300.2549127436929","0.026292653266196488"
"0.641","0.009016557075099976","7.891583034939899","300.2549127436929","0.02628294392530524"
"0.642","0.009016557075099976","7.888668833007037","300.2549127436929","0.02627323816593487"
"0.643","0.009016557075099976","7.8857557060059","300.2549127436929","0.026263535986628235"
"0.644","0.009016557075099976","7.8828436534989725","300.2549127436929","0.026253837385928194"
"0.645","0.009016557075099976","7.8799326750487415","300.2549127436929","0.0262441423623776"
"0.646","0.009016557075099976","7.877022770217695","300.2549127436929","0.026234450914519328"
"0.647","0.009016557075099976","7.874113938568319","300.2549127436929","0.02622476304089623"
"0.648","0.009016557075099976","7.8712061796631","300.2549127436929","0.026215078740051162"
"0.649","0.009016557075099976","7.868299493064528","300.2549127436929","0.026205398010527"
"0.65","0.009016557075099976","7.865393878335086","300.2549127436929","0.026195720850866595"
"0.651","0.009016557075099976","7.862489335037259","300.2549127436929","0.026186047259612797"
"0.652","0.009016557075099976","7.859585862733539","300.2549127436929","0.026176377235308485"
"0.653","0.009016557075099976","7.856683460986408","300.2549127436929","0.02616671077649651"
"0.654","0.009016557075099976","7.853782129358357","300.2549127436929","0.026157047881719738"
"0.655","0.009016557075099976","7.850881867411869","300.2549127436929","0.02614738854952102"
"0.656","0.009016557075099976","7.847982674709431","300.2549127436929","0.02613773277844322"
"0.657","0.009016557075099976","7.845084550813531","300.2549127436929","0.0261280805670292"
"0.658","0.009016557075099976","7.842187495286655","300.2549127436929","0.02611843191382182"
"0.659","0.009016557075099976","7.839291507691292","300.2549127436929","0.02610878681736395"
"0.66","0.009016557075099976","7.836396587589927","300.2549127436929","0.026099145276198436"
"0.661","0.009016557075099976","7.833502734545045","300.2549127436929","0.026089507288868146"
"0.662","0.009016557075099976","7.830609948119136","300.2549127436929","0.026079872853915942"
"0.663","0.009016557075099976","7.827718227874683","300.2549127436929","0.026070241969884674"
"0.664","0.009016557075099976","7.824827573374177","300.2549127436929","0.026060614635317215"
"0.665","0.009016557075099976","7.821937984180098","300.2549127436929","0.02605099084875641"
"0.666","0.009016557075099976","7.819049459854941","300.2549127436929","0.026041370608745142"
"0.667","0.009016557075099976","7.816161999961187","300.2549127436929","0.026031753913826252"
"0.668","0.009016557075099976","7.8132756040613245","300.2549127436929","0.026022140762542608"
"0.669","0.009016557075099976","7.810390271717842","300.2549127436929","0.026012531153437074"
"0.67","0.009016557075099976","7.807506002493223","300.2549127436929","0.026002925085052503"
"0.671","0.009016557075099976","7.804622795949955","300.2549127436929","0.025993322555931758"
"0.672","0.009016557075099976","7.801740651650527","300.2549127436929","0.025983723564617707"
"0.673","0.009016557075099976","7.798859569157423","300.2549127436929","0.025974128109653202"
"0.674","0.009016557075099976","7.795979548033131","300.2549127436929","0.025964536189581104"
"0.675","0.009016557075099976","7.793100587840134","300.2549127436929","0.025954947802944266"
"0.676","0.009016557075099976","7.790222688140925","300.2549127436929","0.025945362948285564"
"0.677","0.009016557075099976","7.787345848497988","300.2549127436929","0.025935781624147853"
"0.678","0.009016557075099976","7.784470068473809","300.2549127436929","0.025926203829073992"
"0.679","0.009016557075099976","7.781595347630876","300.2549127436929","0.025916629561606848"
"0.68","0.009016557075099976","7.778721685531674","300.2549127436929","0.02590705882028927"
"0.681","0.009016557075099976","7.775849081738689","300.2549127436929","0.025897491603664117"
"0.682","0.009016557075099976","7.772977535814411","300.2549127436929","0.025887927910274264"
"0.683","0.009016557075099976","7.770107047321324","300.2549127436929","0.02587836773866256"
"0.684","0.009016557075099976","7.767237615821917","300.2549127436929","0.025868811087371872"
"0.685","0.009016557075099976","7.764369240878674","300.2549127436929","0.025859257954945054"
"0.686","0.009016557075099976","7.761501922054082","300.2549127436929","0.02584970833992497"
"0.687","0.009016557075099976","7.758635658910632","300.2549127436929","0.025840162240854486"
"0.688","0.009016557075099976","7.755770451010805","300.2549127436929","0.025830619656276452"
"0.689","0.009016557075099976","7.75290629791709","300.2549127436929","0.025821080584733733"
"0.69","0.009016557075099976","7.750043199191975","300.2549127436929","0.025811545024769192"
"0.691","0.009016557075099976","7.747181154397946","300.2549127436929","0.025802012974925695"
"0.692","0.009016557075099976","7.744320163097489","300.2549127436929","0.02579248443374609"
"0.693","0.009016557075099976","7.741460224853089","300.2549127436929","0.025782959399773233"
"0.694","0.009016557075099976","7.738601339227237","300.2549127436929","0.025773437871550006"
"0.695","0.009016557075099976","7.7357435057824135","300.2549127436929","0.025763919847619242"
"0.696","0.009016557075099976","7.732886724081114","300.2549127436929","0.025754405326523837"
"0.697","0.009016557075099976","7.730030993685818","300.2549127436929","0.025744894306806623"
"0.698","0.009016557075099976","7.7271763141590135","300.2549127436929","0.025735386787010463"
"0.699","0.009016557075099976","7.724322685063191","300.2549127436929","0.025725882765678235"
"0.7","0.009016557075099976","7.721470105960831","300.2549127436929","0.025716382241352774"
"0.701","0.009016557075099976","7.718618576414423","300.2549127436929","0.025706885212576955"
"0.702","0.009016557075099976","7.715768095986458","300.2549127436929","0.025697391677893647"
"0.703","0.009016557075099976","7.7129186642394165","300.2549127436929","0.025687901635845698"
"0.704","0.009016557075099976","7.710070280735789","300.2549127436929","0.025678415084975977"
"0.705","0.009016557075099976","7.707222945038058","300.2549127436929","0.025668932023827327"
"0.706","0.009016557075099976","7.704376656708716","300.2549127436929","0.02565945245094263"
"0.707","0.009016557075099976","7.701531415310245","300.2549127436929","0.02564997636486473"
"0.708","0.009016557075099976","7.698687220405134","300.2549127436929","0.0256405037641365"
"0.709","0.009016557075099976","7.695844071555871","300.2549127436929","0.025631034647300797"
"0.71","0.009016557075099976","7.693001968324937","300.2549127436929","0.025621569012900473"
"0.711","0.009016557075099976","7.690160910274824","300.2549127436929","0.025612106859478397"
"0.712","0.009016557075099976","7.687320896968018","300.2549127436929","0.025602648185577427"
"0.713","0.009016557075099976","7.684481927967004","300.2549127436929","0.025593192989740422"
"0.714","0.009016557075099976","7.681644002834271","300.2549127436929","0.025583741270510253"
"0.715","0.009016557075099976","7.678807121132304","300.2549127436929","0.02557429302642977"
"0.716","0.009016557075099976","7.675971282423588","300.2549127436929","0.025564848256041828"
"0.717","0.009016557075099976","7.673136486270616","300.2549127436929","0.025555406957889305"
"0.718","0.009016557075099976","7.670302732235865","300.2549127436929","0.025545969130515038"
"0.719","0.009016557075099976","7.66747001988183","300.2549127436929","0.02553653477246191"
"0.72","0.009016557075099976","7.664638348770995","300.2549127436929","0.02552710388227277"
"0.721","0.009016557075099976","7.6618077422319155","300.2549127436929","0.025517676537643457"
"0.722","0.009016557075099976","7.658978381506095","300.2549127436929","0.025508253342199402"
"0.723","0.009016557075099976","7.656150065928929","300.2549127436929","0.025498833627626474"
"0.724","0.009016557075099976","7.6533227951023814","300.2549127436929","0.025489417392599002"
"0.725","0.009016557075099976","7.6504965686284185","300.2549127436929","0.025480004635791337"
"0.726","0.009016557075099976","7.647671386109002","300.2549127436929","0.025470595355877812"
"0.727","0.009016557075099976","7.644847247146098","300.2549127436929","0.025461189551532773"
"0.728","0.009016557075099976","7.642024151341667","300.2549127436929","0.025451787221430548"
"0.729","0.009016557075099976","7.639202098297675","300.2549127436929","0.025442388364245484"
"0.73","0.009016557075099976","7.636381087616088","300.2549127436929","0.025432992978651925"
"0.731","0.009016557075099976","7.633561118898867","300.2549127436929","0.025423601063324204"
"0.732","0.009016557075099976","7.630742191747978","300.2549127436929","0.025414212616936667"
"0.733","0.009016557075099976","7.627924305765383","300.2549127436929","0.025404827638163645"
"0.734","0.009016557075099976","7.62510746055305","300.2549127436929","0.025395446125679493"
"0.735","0.009016557075099976","7.62229165571294","300.2549127436929","0.02538606807815854"
"0.736","0.009016557075099976","7.619476890847014","300.2549127436929","0.025376693494275113"
"0.737","0.009016557075099976","7.616663165557241","300.2549127436929","0.025367322372703574"
"0.738","0.009016557075099976","7.613850479445584","300.2549127436929","0.02535795471211826"
"0.739","0.009016557075099976","7.611038832114008","300.2549127436929","0.025348590511193505"
"0.74","0.009016557075099976","7.608228223164472","300.2549127436929","0.025339229768603644"
"0.741","0.009016557075099976","7.605418652198945","300.2549127436929","0.02532987248302302"
"0.742","0.009016557075099976","7.602610118819391","300.2549127436929","0.025320518653125984"
"0.743","0.009016557075099976","7.59980262262777","300.2549127436929","0.025311168277586858"
"0.744","0.009016557075099976","7.596996163226049","300.2549127436929","0.025301821355079995"
"0.745","0.009016557075099976","7.5941907402161934","300.2549127436929","0.025292477884279733"
"0.746","0.009016557075099976","7.591386353200164","300.2549127436929","0.025283137863860407"
"0.747","0.009016557075099976","7.588583001779927","300.2549127436929","0.02527380129249636"
"0.748","0.009016557075099976","7.585780685557448","300.2549127436929","0.025264468168861937"
"0.749","0.009016557075099976","7.582979404134685","300.2549127436929","0.02525513849163146"
"0.75","0.009016557075099976","7.580179157113608","300.2549127436929","0.02524581225947929"
"0.751","0.009016557075099976","7.577379944096177","300.2549127436929","0.025236489471079756"
"0.752","0.009016557075099976","7.574581764684358","300.2549127436929","0.0252271701251072"
"0.753","0.009016557075099976","7.571784618480117","300.2549127436929","0.025217854220235963"
"0.754","0.009016557075099976","7.568988505085414","300.2549127436929","0.025208541755140382"
"0.755","0.009016557075099976","7.566193424102216","300.2549127436929","0.025199232728494798"
"0.756","0.009016557075099976","7.563399375132485","300.2549127436929","0.02518992713897355"
"0.757","0.009016557075099976","7.560606357778186","300.2549127436929","0.025180624985250977"
"0.758","0.009016557075099976","7.557814371641285","300.2549127436929","0.025171326266001433"
"0.759","0.009016557075099976","7.555023416323742","300.2549127436929","0.025162030979899233"
"0.76","0.009016557075099976","7.552233491427524","300.2549127436929","0.025152739125618735"
"0.761","0.009016557075099976","7.549444596554593","300.2549127436929","0.02514345070183427"
"0.762","0.009016557075099976","7.546656731306915","300.2549127436929","0.025134165707220185"
"0.763","0.009016557075099976","7.543869895286454","300.2549127436929","0.025124884140450818"
"0.764","0.009016557075099976","7.541084088095172","300.2549127436929","0.0251156060002005"
"0.765","0.009016557075099976","7.538299309335034","300.2549127436929","0.025106331285143585"
"0.766","0.009016557075099976","7.5355155586080045","300.2549127436929","0.0250970599939544"
"0.767","0.009016557075099976","7.532732835516048","300.2549127436929","0.025087792125307293"
"0.768","0.009016557075099976","7.529951139661128","300.2549127436929","0.025078527677876605"
"0.769","0.009016557075099976","7.527170470645206","300.2549127436929","0.025069266650336666"
"0.77","0.009016557075099976","7.52439082807025","300.2549127436929","0.025060009041361825"
"0.771","0.009016557075099976","7.521612211538224","300.2549127436929","0.025050754849626423"
"0.772","0.009016557075099976","7.518834620651089","300.2549127436929","0.025041504073804795"
"0.773","0.009016557075099976","7.51605805501081","300.2549127436929","0.02503225671257128"
"0.774","0.009016557075099976","7.513282514219352","300.2549127436929","0.025023012764600217"
"0.775","0.009016557075099976","7.510507997878677","300.2549127436929","0.025013772228565948"
"0.776","0.009016557075099976","7.5077345055907525","300.2549127436929","0.025004535103142815"
"0.777","0.009016557075099976","7.50496203695754","300.2549127436929","0.024995301387005158"
"0.778","0.009016557075099976","7.502190591581003","300.2549127436929","0.02498607107882731"
"0.779","0.009016557075099976","7.49942016906311","300.2549127436929","0.02497684417728363"
"0.78","0.009016557075099976","7.49665076900582","300.2549127436929","0.024967620681048432"
"0.781","0.009016557075099976","7.493882391011098","300.2549127436929","0.024958400588796073"
"0.782","0.009016557075099976","7.491115034680909","300.2549127436929","0.02494918389920088"
"0.783","0.009016557075099976","7.488348699617216","300.2549127436929","0.024939970610937206"
"0.784","0.009016557075099976","7.485583385421983","300.2549127436929","0.02493076072267938"
"0.785","0.009016557075099976","7.482819091697178","300.2549127436929","0.024921554233101755"
"0.786","0.009016557075099976","7.480055818044762","300.2549127436929","0.024912351140878666"
"0.787","0.009016557075099976","7.477293564066696","300.2549127436929","0.02490315144468444"
"0.788","0.009016557075099976","7.474532329364948","300.2549127436929","0.024893955143193428"
"0.789","0.009016557075099976","7.471772113541479","300.2549127436929","0.024884762235079964"
"0.79","0.009016557075099976","7.469012916198258","300.2549127436929","0.024875572719018402"
"0.791","0.009016557075099976","7.466254736937245","300.2549127436929","0.02486638659368307"
"0.792","0.009016557075099976","7.463497575360404","300.2549127436929","0.024857203857748304"
"0.793","0.009016557075099976","7.460741431069702","300.2549127436929","0.02484802450988846"
"0.794","0.009016557075099976","7.4579863036670995","300.2549127436929","0.02483884854877786"
"0.795","0.009016557075099976","7.455232192754562","300.2549127436929","0.024829675973090853"
"0.796","0.009016557075099976","7.452479097934056","300.2549127436929","0.024820506781501783"
"0.797","0.009016557075099976","7.449727018807539","300.2549127436929","0.024811340972684972"
"0.798","0.009016557075099976","7.446975954976982","300.2549127436929","0.024802178545314784"
"0.799","0.009016557075099976","7.444225906044346","300.2549127436929","0.02479301949806554"
"0.8","0.009016557075099976","7.441476871611596","300.2549127436929","0.024783863829611594"
"0.801","0.009016557075099976","7.438728851280694","300.2549127436929","0.024774711538627276"
"0.802","0.009016557075099976","7.435981844653605","300.2549127436929","0.024765562623786923"
"0.803","0.009016557075099976","7.433235851332295","300.2549127436929","0.02475641708376489"
"0.804","0.009016557075099976","7.430490870918725","300.2549127436929","0.024747274917235502"
"0.805","0.009016557075099976","7.427746903014861","300.2549127436929","0.024738136122873105"
"0.806","0.009016557075099976","7.425003947222667","300.2549127436929","0.02472900069935204"
"0.807","0.009016557075099976","7.422262003144105","300.2549127436929","0.02471986864534664"
"0.808","0.009016557075099976","7.419521070381142","300.2549127436929","0.024710739959531255"
"0.809","0.009016557075099976","7.416781148535739","300.2549127436929","0.02470161464058021"
"0.81","0.009016557075099976","7.414042237209863","300.2549127436929","0.024692492687167868"
"0.811","0.009016557075099976","7.411304336005475","300.2549127436929","0.024683374097968547"
"0.812","0.009016557075099976","7.408567444524541","300.2549127436929","0.024674258871656595"
"0.813","0.009016557075099976","7.405831562369026","300.2549127436929","0.024665147006906356"
"0.814","0.009016557075099976","7.403096689140892","300.2549127436929","0.024656038502392164"
"0.815","0.009016557075099976","7.400362824442104","300.2549127436929","0.024646933356788366"
"0.816","0.009016557075099976","7.397629967874625","300.2549127436929","0.024637831568769288"
"0.817","0.009016557075099976","7.3948981190404215","300.2549127436929","0.02462873313700929"
"0.818","0.009016557075099976","7.3921672775414535","300.2549127436929","0.024619638060182688"
"0.819","0.009016557075099976","7.389437442979688","300.2549127436929","0.024610546336963836"
"0.82","0.009016557075099976","7.386708614957088","300.2549127436929","0.024601457966027078"
"0.821","0.009016557075099976","7.383980793075619","300.2549127436929","0.024592372946046742"
"0.822","0.009016557075099976","7.381253976937241","300.2549127436929","0.024583291275697174"
"0.823","0.009016557075099976","7.378528166143925","300.2549127436929","0.024574212953652717"
"0.824","0.009016557075099976","7.375803360297629","300.2549127436929","0.02456513797858771"
"0.825","0.009016557075099976","7.373079559000319","300.2549127436929","0.024556066349176484"
"0.826","0.009016557075099976","7.370356761853959","300.2549127436929","0.024546998064093387"
"0.827","0.009016557075099976","7.367634968460514","300.2549127436929","0.024537933122012762"
"0.828","0.009016557075099976","7.364914178421946","300.2549127436929","0.02452887152160894"
"0.829","0.009016557075099976","7.36219439134022","300.2549127436929","0.024519813261556264"
"0.83","0.009016557075099976","7.359475606817301","300.2549127436929","0.024510758340529078"
"0.831","0.009016557075099976","7.356757824455154","300.2549127436929","0.024501706757201723"
"0.832","0.009016557075099976","7.35404104385574","300.2549127436929","0.02449265851024853"
"0.833","0.009016557075099976","7.351325264621023","300.2549127436929","0.02448361359834384"
"0.834","0.009016557075099976","7.348610486352968","300.2549127436929","0.024474572020161997"
"0.835","0.009016557075099976","7.34589670865354","300.2549127436929","0.02446553377437734"
"0.836","0.009016557075099976","7.3431839311247025","300.2549127436929","0.02445649885966421"
"0.837","0.009016557075099976","7.340472153368419","300.2549127436929","0.024447467274696946"
"0.838","0.009016557075099976","7.337761374986655","300.2549127436929","0.024438439018149887"
"0.839","0.009016557075099976","7.335051595581371","300.2549127436929","0.02442941408869737"
"0.84","0.009016557075099976","7.3323428147545355","300.2549127436929","0.024420392485013744"
"0.841","0.009016557075099976","7.32963503210811","300.2549127436929","0.02441137420577334"
"0.842","0.009016557075099976","7.326928247244058","300.2549127436929","0.0244023592496505"
"0.843","0.009016557075099976","7.3242224597643455","300.2549127436929","0.024393347615319565"
"0.844","0.009016557075099976","7.321517669270936","300.2549127436929","0.024384339301454876"
"0.845","0.009016557075099976","7.318813875365793","300.2549127436929","0.024375334306730775"
"0.846","0.009016557075099976","7.31611107765088","300.2549127436929","0.024366332629821595"
"0.847","0.009016557075099976","7.313409275728161","300.2549127436929","0.024357334269401676"
"0.848","0.009016557075099976","7.310708469199601","300.2549127436929","0.024348339224145362"
"0.849","0.009016557075099976","7.308008657667164","300.2549127436929","0.024339347492726995"
"0.85","0.009016557075099976","7.305309840732814","300.2549127436929","0.02433035907382091"
"0.851","0.009016557075099976","7.302612017998515","300.2549127436929","0.02432137396610145"
"0.852","0.009016557075099976","7.29991518906623","300.2549127436929","0.02431239216824295"
"0.853","0.009016557075099976","7.297219353537924","300.2549127436929","0.024303413678919757"
"0.854","0.009016557075099976","7.294524511015562","300.2549127436929","0.02429443849680621"
"0.855","0.009016557075099976","7.2918306611011054","300.2549127436929","0.02428546662057664"
"0.856","0.009016557075099976","7.28913780339652","300.2549127436929","0.024276498048905394"
"0.857","0.009016557075099976","7.286445937503771","300.2549127436929","0.024267532780466818"
"0.858","0.009016557075099976","7.283755063024819","300.2549127436929","0.024258570813935235"
"0.859","0.009016557075099976","7.281065179561631","300.2549127436929","0.024249612147985"
"0.86","0.009016557075099976","7.27837628671617","300.2549127436929","0.024240656781290445"
"0.861","0.009016557075099976","7.275688384090401","300.2549127436929","0.024231704712525916"
"0.862","0.009016557075099976","7.273001471286286","300.2549127436929","0.024222755940365746"
"0.863","0.009016557075099976","7.27031554790579","300.2549127436929","0.024213810463484278"
"0.864","0.009016557075099976","7.267630613550877","300.2549127436929","0.02420486828055585"
"0.865","0.009016557075099976","7.264946667823511","300.2549127436929","0.024195929390254806"
"0.866","0.009016557075099976","7.262263710325657","300.2549127436929","0.02418699379125548"
"0.867","0.009016557075099976","7.2595817406592795","300.2549127436929","0.024178061482232227"
"0.868","0.009016557075099976","7.256900807945176","300.2549127436929","0.024169132626782018"
"0.869","0.009016557075099976","7.25422096202707","300.2549127436929","0.024160207390909544"
"0.87","0.009016557075099976","7.251542105830568","300.2549127436929","0.024151285451308215"
"0.871","0.009016557075099976","7.248864238979223","300.2549127436929","0.02414236680672427"
"0.872","0.009016557075099976","7.24618736109659","300.2549127436929","0.024133451455903954"
"0.873","0.009016557075099976","7.243511471806215","300.2549127436929","0.02412453939759349"
"0.874","0.009016557075099976","7.240836570731653","300.2549127436929","0.024115630630539127"
"0.875","0.009016557075099976","7.238162657496452","300.2549127436929","0.024106725153487087"
"0.876","0.009016557075099976","7.235489731724166","300.2549127436929","0.02409782296518362"
"0.877","0.009016557075099976","7.232817793038346","300.2549127436929","0.024088924064374954"
"0.878","0.009016557075099976","7.230146841062544","300.2549127436929","0.024080028449807334"
"0.879","0.009016557075099976","7.227476875420309","300.2549127436929","0.024071136120226988"
"0.88","0.009016557075099976","7.224807895735195","300.2549127436929","0.02406224707438016"
"0.881","0.009016557075099976","7.22213990163075","300.2549127436929","0.024053361311013075"
"0.882","0.009016557075099976","7.219472892730528","300.2549127436929","0.024044478828871983"
"0.883","0.009016557075099976","7.2168068686580815","300.2549127436929","0.024035599626703114"
"0.884","0.009016557075099976","7.214141829036958","300.2549127436929","0.024026723703252702"
"0.885","0.009016557075099976","7.211477773490711","300.2549127436929","0.024017851057266986"
"0.886","0.009016557075099976","7.2088147016428925","300.2549127436929","0.024008981687492204"
"0.887","0.009016557075099976","7.206152613117053","300.2549127436929","0.02400011559267459"
"0.888","0.009016557075099976","7.203491507536746","300.2549127436929","0.02399125277156039"
"0.889","0.009016557075099976","7.200831384525517","300.2549127436929","0.023982393222895824"
"0.89","0.009016557075099976","7.1981722437069235","300.2549127436929","0.02397353694542714"
"0.891","0.009016557075099976","7.195514084704513","300.2549127436929","0.023964683937900567"
"0.892","0.009016557075099976","7.192856907141838","300.2549127436929","0.023955834199062342"
"0.893","0.009016557075099976","7.190200710642451","300.2549127436929","0.02394698772765871"
"0.894","0.009016557075099976","7.187545494829902","300.2549127436929","0.0239381445224359"
"0.895","0.009016557075099976","7.184891259327743","300.2549127436929","0.023929304582140154"
"0.896","0.009016557075099976","7.182238003759526","300.2549127436929","0.023920467905517707"
"0.897","0.009016557075099976","7.179585727748799","300.2549127436929","0.02391163449131479"
"0.898","0.009016557075099976","7.176934430919117","300.2549127436929","0.02390280433827764"
"0.899","0.009016557075099976","7.174284112894033","300.2549127436929","0.02389397744515251"
"0.9","0.009016557075099976","7.171634773297092","300.2549127436929","0.02388515381068561"
"0.901","0.009016557075099976","7.16898641175185","300.2549127436929","0.023876333433623196"
"0.902","0.009016557075099976","7.1663390278818575","300.2549127436929","0.023867516312711497"
"0.903","0.009016557075099976","7.1636926213106635","300.2549127436929","0.023858702446696745"
"0.904","0.009016557075099976","7.161047191661826","300.2549127436929","0.023849891834325197"
"0.905","0.009016557075099976","7.158402738558887","300.2549127436929","0.02384108447434306"
"0.906","0.009016557075099976","7.155759261625403","300.2549127436929","0.023832280365496585"
"0.907","0.009016557075099976","7.153116760484927","300.2549127436929","0.02382347950653202"
"0.908","0.009016557075099976","7.150475234761007","300.2549127436929","0.02381468189619558"
"0.909","0.009016557075099976","7.147834684077195","300.2549127436929","0.023805887533233514"
"0.91","0.009016557075099976","7.1451951080570435","300.2549127436929","0.023797096416392056"
"0.911","0.009016557075099976","7.1425565063241025","300.2549127436929","0.02378830854441744"
"0.912","0.009016557075099976","7.139918878501927","300.2549127436929","0.023779523916055915"
"0.913","0.009016557075099976","7.137282224214062","300.2549127436929","0.023770742530053696"
"0.914","0.009016557075099976","7.134646543084064","300.2549127436929","0.023761964385157035"
"0.915","0.009016557075099976","7.132011834735482","300.2549127436929","0.023753189480112163"
"0.916","0.009016557075099976","7.129378098791866","300.2549127436929","0.023744417813665316"
"0.917","0.009016557075099976","7.126745334876773","300.2549127436929","0.023735649384562737"
"0.918","0.009016557075099976","7.12411354261375","300.2549127436929","0.02372688419155066"
"0.919","0.009016557075099976","7.121482721626345","300.2549127436929","0.023718122233375306"
"0.92","0.009016557075099976","7.118852871538118","300.2549127436929","0.023709363508782937"
"0.921","0.009016557075099976","7.116223991972612","300.2549127436929","0.02370060801651977"
"0.922","0.009016557075099976","7.113596082553385","300.2549127436929","0.023691855755332055"
"0.923","0.009016557075099976","7.110969142903984","300.2549127436929","0.023683106723966018"
"0.924","0.009016557075099976","7.10834317264796","300.2549127436929","0.023674360921167897"
"0.925","0.009016557075099976","7.105718171408869","300.2549127436929","0.02366561834568394"
"0.926","0.009016557075099976","7.103094138810258","300.2549127436929","0.02365687899626037"
"0.927","0.009016557075099976","7.100471074475677","300.2549127436929","0.023648142871643414"
"0.928","0.009016557075099976","7.097848978028685","300.2549127436929","0.023639409970579343"
"0.929","0.009016557075099976","7.095227849092824","300.2549127436929","0.02363068029181436"
"0.93","0.009016557075099976","7.09260768729165","300.2549127436929","0.023621953834094715"
"0.931","0.009016557075099976","7.089988492248716","300.2549127436929","0.02361323059616665"
"0.932","0.009016557075099976","7.08737026358757","300.2549127436929","0.02360451057677639"
"0.933","0.009016557075099976","7.084753000931767","300.2549127436929","0.02359579377467018"
"0.934","0.009016557075099976","7.082136703904854","300.2549127436929","0.023587080188594248"
"0.935","0.009016557075099976","7.079521372130385","300.2549127436929","0.02357836981729484"
"0.936","0.009016557075099976","7.07690700523191","300.2549127436929","0.023569662659518188"
"0.937","0.009016557075099976","7.074293602832983","300.2549127436929","0.02356095871401053"
"0.938","0.009016557075099976","7.071681164557151","300.2549127436929","0.023552257979518095"
"0.939","0.009016557075099976","7.069069690027969","300.2549127436929","0.02354356045478713"
"0.94","0.009016557075099976","7.066459178868985","300.2549127436929","0.02353486613856386"
"0.941","0.009016557075099976","7.063849630703755","300.2549127436929","0.02352617502959454"
"0.942","0.009016557075099976","7.0612410451558265","300.2549127436929","0.023517487126625387"
"0.943","0.009016557075099976","7.058633421848751","300.2549127436929","0.023508802428402642"
"0.944","0.009016557075099976","7.056026760406085","300.2549127436929","0.02350012093367256"
"0.945","0.009016557075099976","7.053421060451371","300.2549127436929","0.023491442641181345"
"0.946","0.009016557075099976","7.050816321608169","300.2549127436929","0.023482767549675262"
"0.947","0.009016557075099976","7.048212543500023","300.2549127436929","0.023474095657900526"
"0.948","0.009016557075099976","7.045609725750488","300.2549127436929","0.023465426964603384"
"0.949","0.009016557075099976","7.04300786798312","300.2549127436929","0.023456761468530093"
"0.95","0.009016557075099976","7.04040696982146","300.2549127436929","0.023448099168426845"
"0.951","0.009016557075099976","7.037807030889067","300.2549127436929","0.02343944006303991"
"0.952","0.009016557075099976","7.03520805080949","300.2549127436929","0.02343078415111551"
"0.953","0.009016557075099976","7.032610029206279","300.2549127436929","0.023422131431399883"
"0.954","0.009016557075099976","7.030012965702989","300.2549127436929","0.023413481902639276"
"0.955","0.009016557075099976","7.027416859923167","300.2549127436929","0.02340483556357991"
"0.956","0.009016557075099976","7.024821711490369","300.2549127436929","0.02339619241296804"
"0.957","0.009016557075099976","7.022227520028142","300.2549127436929","0.023387552449549886"
"0.958","0.009016557075099976","7.0196342851600395","300.2549127436929","0.02337891567207169"
"0.959","0.009016557075099976","7.017042006509612","300.2549127436929","0.023370282079279686"
"0.96","0.009016557075099976","7.014450683700414","300.2549127436929","0.023361651669920123"
"0.961","0.009016557075099976","7.011860316355992","300.2549127436929","0.02335302444273922"
"0.962","0.009016557075099976","7.009270904099899","300.2549127436929","0.02334440039648322"
"0.963","0.009016557075099976","7.006682446555689","300.2549127436929","0.023335779529898366"
"0.964","0.009016557075099976","7.0040949433469075","300.2549127436929","0.02332716184173088"
"0.965","0.009016557075099976","7.001508394097113","300.2549127436929","0.023318547330727014"
"0.966","0.009016557075099976","6.998922798429852","300.2549127436929","0.023309935995633"
"0.967","0.009016557075099976","6.996338155968678","300.2549127436929","0.02330132783519507"
"0.968","0.009016557075099976","6.993754466337141","300.2549127436929","0.02329272284815946"
"0.969","0.009016557075099976","6.9911717291587925","300.2549127436929","0.02328412103327241"
"0.97","0.009016557075099976","6.9885899440571855","300.2549127436929","0.023275522389280164"
"0.971","0.009016557075099976","6.986009110655868","300.2549127436929","0.02326692691492894"
"0.972","0.009016557075099976","6.983429228578394","300.2549127436929","0.023258334608964985"
"0.973","0.009016557075099976","6.980850297448316","300.2549127436929","0.02324974547013454"
"0.974","0.009016557075099976","6.978272316889182","300.2549127436929","0.023241159497183837"
"0.975","0.009016557075099976","6.975695286524546","300.2549127436929","0.023232576688859113"
"0.976","0.009016557075099976","6.973119205977957","300.2549127436929","0.023223997043906597"
"0.977","0.009016557075099976","6.9705440748729695","300.2549127436929","0.02321542056107254"
"0.978","0.009016557075099976","6.967969892833133","300.2549127436929","0.02320684723910317"
"0.979","0.009016557075099976","6.965396659481996","300.2549127436929","0.023198277076744718"
"0.98","0.009016557075099976","6.962824374443115","300.2549127436929","0.02318971007274343"
"0.981","0.009016557075099976","6.960253037340038","300.2549127436929","0.02318114622584554"
"0.982","0.009016557075099976","6.957682647796317","300.2549127436929","0.02317258553479728"
"0.983","0.009016557075099976","6.955113205435503","300.2549127436929","0.023164027998344886"
"0.984","0.009016557075099976","6.952544709881152","300.2549127436929","0.023155473615234613"
"0.985","0.009016557075099976","6.9499771607568075","300.2549127436929","0.023146922384212672"
"0.986","0.009016557075099976","6.947410557686024","300.2549127436929","0.023138374304025305"
"0.987","0.009016557075099976","6.944844900292358","300.2549127436929","0.02312982937341877"
"0.988","0.009016557075099976","6.942280188199352","300.2549127436929","0.023121287591139274"
"0.989","0.009016557075099976","6.939716421030565","300.2549127436929","0.023112748955933075"
"0.99","0.009016557075099976","6.937153598409543","300.2549127436929","0.023104213466546397"
"0.991","0.009016557075099976","6.934591719959839","300.2549127436929","0.023095681121725477"
"0.992","0.009016557075099976","6.932030785305006","300.2549127436929","0.023087151920216563"
"0.993","0.009016557075099976","6.9294707940685925","300.2549127436929","0.023078625860765877"
"0.994","0.009016557075099976","6.926911745874152","300.2549127436929","0.023070102942119662"
"0.995","0.009016557075099976","6.924353640345236","300.2549127436929","0.02306158316302416"
"0.996","0.009016557075099976","6.921796477105395","300.2549127436929","0.023053066522225597"
"0.997","0.009016557075099976","6.919240255778179","300.2549127436929","0.023044553018470214"
"0.998","0.009016557075099976","6.916684975987143","300.2549127436929","0.023036042650504254"
"0.999","0.009016557075099976","6.914130637355835","300.2549127436929","0.023027535417073943"
"1.0","0.009016557075099976","6.911577239507807","300.2549127436929","0.023019031316925523"
"1.0","0.009016557075099976","6.911577239507807","300.2549127436929","0.023019031316925523"
